Workbook

Sheet 说明
A1: 《Future Conquer》M0 数值原型
A3: 目的：验证设计文档第 2 节的核心机制——算力三通道分配（训练/推理/研发）的取舍是否『有感觉』。
A4: 模型为单势力自循环，刻意不含战斗、外交、轨道层（那些属于 M2+）。
A6: 怎么用：
A7: · 蓝色单元格 = 可修改的输入：『参数』表全部数值；各情景表的 训练%/推理%（研发% 自动 = 1 - 两者，逐回合可调）。
A8: · 修改后用 Excel/Numbers/LibreOffice 打开会自动重算；『对比』表汇总四种策略的关键指标与走势图。
A10: 模型简化假设：
A11: · 芯片每回合自动投资数据中心扩容（受投资上限约束），扩容次回合生效。
A12: · 推理需求随版图扩张线性增长；推理供给率不足会压低经济系数，拖累芯片/数据产出（滞后一回合）。
A13: · 科技等级提升芯片与数据产出；代际提升算力效率系数与军力。
A15: 验收观察点（M0 通过标准）：
A16: 1. 电力墙：中后期『⚡受限』出现，算力被电力供给锁死 → 验证『电力是上限约束』。
... A21: 若以上四条都能在数值上看到，且改动参数能明显改变格局，M0 验收通过，进入 M1（Godot 经济沙盒）。

Sheet 参数
A1: 参数 | B1: 值 | C1: 说明
A2: 初始电力供给 | B2: 100 | C2: 电力/回合，决定算力上限
A3: 电力每回合增长 | B3: 6 | C3: 电网建设速度
A4: 每点算力耗电 | B4: 1 | C4: 电力→算力转换
A5: 初始数据中心容量 | B5: 60 | C5: 算力点
A6: 新建容量芯片成本 | B6: 2 | C6: 芯片/算力点
A7: 每回合芯片投资上限 | B7: 20 | C7: 建造产能瓶颈
A8: 初始芯片库存 | B8: 30
A9: 晶圆厂基础芯片产出 | B9: 10 | C9: 芯片/回合
A10: 区域数 | B10: 6 | C10: 版图规模
A11: 每区域数据产出 | B11: 12 | C11: 数据/回合
A12: 初始数据池 | B12: 60
A13: 训练每算力耗数据 | B13: 0.8 | C13: 数据是训练弹药
A14: Gen2 门槛（累积训练） | B14: 400
A15: Gen3 门槛 | B15: 900
A16: Gen4 门槛 | B16: 1800
A17: 每代际能力系数增量 | B17: 0.4 | C17: 代际→算力效率与军力乘数
A18: 科技每级门槛（科技点） | B18: 80
A19: 科技每级产出加成 | B19: 0.05 | C19: 作用于芯片与数据产出
A20: 推理基础需求 | B20: 30 | C20: 维持现有版图与部队
A21: 推理需求每回合增长 | B21: 3 | C21: 版图扩张带来的需求
A22: 经济系数底线 | B22: 0.5 | C22: 推理完全断供时产出打五折

Sheet 情景A均衡
A1: 情景A均衡 —— 均衡流：三通道大致均分（训练 34% / 推理 33% / 研发 33%）
A2: 蓝色列逐回合可调；其余全部为公式
A3: 回合 | B3: 训练% | C3: 推理% | D3: 研发% (自动) | E3: 电力 供给 | F3: 数据中心 容量 | G3: 代际 系数 | H3: 理论 算力 | I3: 电力上限 算力 | J3: 实际 算力 | K3: 电力 受限 | L3: 训练 算力 | M3: 数据 产出 | N3: 可用 数据 | O3: 训练需 数据 | P3: 数据 满足率 | Q3: 有效 训练 | R3: 累积 训练 | S3: 代际 | T3: 数据池 余量 | U3: 研发 算力 | V3: 科技点 | W3: 科技 等级 | X3: 推理 算力 | Y3: 推理 需求 | Z3: 推理 供给率 | AA3: 经济 系数 | AB3: 芯片 产出 | AC3: 芯片 可用 | AD3: 芯片 投资 | AE3: 新增容量 (次回合) | AF3: 芯片 库存 | AG3: 军力 指数
A4: 1 | B4: 0.34 | C4: 0.33 | D4: =1-B4-C4 | E4: =参数!$B$2+参数!$B$3*(A4-1) | F4: =参数!$B$5 | G4: =1 | H4: =F4*G4 | I4: =E4/参数!$B$4 | J4: =MIN(H4,I4) | K4: =IF(I4<H4,"⚡受限","") | L4: =J4*B4 | M4: =参数!$B$10*参数!$B$11 | N4: =参数!$B$12+M4 | O4: =L4*参数!$B$13 | P4: =IF(O4=0,1,MIN(1,N4/O4)) | Q4: =L4*P4 | R4: =Q4 | S4: =1+IF(R4>=参数!$B$14,1,0)+IF(R4>=参数!$B$15,1,0)+IF(R4>=参数!$B$16,1,0) | T4: =N4-O4*P4 | U4: =J4*D4 | V4: =U4 | W4: =INT(V4/参数!$B$18) | X4: =J4*C4 | Y4: =参数!$B$20+参数!$B$21*(A4-1) | Z4: =MIN(1,X4/Y4) | AA4: =参数!$B$22+(1-参数!$B$22)*Z4 | AB4: =参数!$B$9 | AC4: =参数!$B$8+AB4 | AD4: =MIN(AC4,参数!$B$7) | AE4: =AD4/参数!$B$6 | AF4: =AC4-AD4 | AG4: =X4*G4
A5: 2 | B5: 0.34 | C5: 0.33 | D5: =1-B5-C5 | E5: =参数!$B$2+参数!$B$3*(A5-1) | F5: =F4+AE4 | G5: =1+参数!$B$17*(S4-1) | H5: =F5*G5 | I5: =E5/参数!$B$4 | J5: =MIN(H5,I5) | K5: =IF(I5<H5,"⚡受限","") | L5: =J5*B5 | M5: =参数!$B$10*参数!$B$11*(1+参数!$B$19*W4)*AA4 | N5: =T4+M5 | O5: =L5*参数!$B$13 | P5: =IF(O5=0,1,MIN(1,N5/O5)) | Q5: =L5*P5 | R5: =R4+Q5 | S5: =1+IF(R5>=参数!$B$14,1,0)+IF(R5>=参数!$B$15,1,0)+IF(R5>=参数!$B$16,1,0) | T5: =N5-O5*P5 | U5: =J5*D5 | V5: =V4+U5 | W5: =INT(V5/参数!$B$18) | X5: =J5*C5 | Y5: =参数!$B$20+参数!$B$21*(A5-1) | Z5: =MIN(1,X5/Y5) | AA5: =参数!$B$22+(1-参数!$B$22)*Z5 | AB5: =参数!$B$9*(1+参数!$B$19*W4)*AA4 | AC5: =AF4+AB5 | AD5: =MIN(AC5,参数!$B$7) | AE5: =AD5/参数!$B$6 | AF5: =AC5-AD5 | AG5: =X5*G5
A6: 3 | B6: 0.34 | C6: 0.33 | D6: =1-B6-C6 | E6: =参数!$B$2+参数!$B$3*(A6-1) | F6: =F5+AE5 | G6: =1+参数!$B$17*(S5-1) | H6: =F6*G6 | I6: =E6/参数!$B$4 | J6: =MIN(H6,I6) | K6: =IF(I6<H6,"⚡受限","") | L6: =J6*B6 | M6: =参数!$B$10*参数!$B$11*(1+参数!$B$19*W5)*AA5 | N6: =T5+M6 | O6: =L6*参数!$B$13 | P6: =IF(O6=0,1,MIN(1,N6/O6)) | Q6: =L6*P6 | R6: =R5+Q6 | S6: =1+IF(R6>=参数!$B$14,1,0)+IF(R6>=参数!$B$15,1,0)+IF(R6>=参数!$B$16,1,0) | T6: =N6-O6*P6 | U6: =J6*D6 | V6: =V5+U6 | W6: =INT(V6/参数!$B$18) | X6: =J6*C6 | Y6: =参数!$B$20+参数!$B$21*(A6-1) | Z6: =MIN(1,X6/Y6) | AA6: =参数!$B$22+(1-参数!$B$22)*Z6 | AB6: =参数!$B$9*(1+参数!$B$19*W5)*AA5 | AC6: =AF5+AB6 | AD6: =MIN(AC6,参数!$B$7) | AE6: =AD6/参数!$B$6 | AF6: =AC6-AD6 | AG6: =X6*G6
A7: 4 | B7: 0.34 | C7: 0.33 | D7: =1-B7-C7 | E7: =参数!$B$2+参数!$B$3*(A7-1) | F7: =F6+AE6 | G7: =1+参数!$B$17*(S6-1) | H7: =F7*G7 | I7: =E7/参数!$B$4 | J7: =MIN(H7,I7) | K7: =IF(I7<H7,"⚡受限","") | L7: =J7*B7 | M7: =参数!$B$10*参数!$B$11*(1+参数!$B$19*W6)*AA6 | N7: =T6+M7 | O7: =L7*参数!$B$13 | P7: =IF(O7=0,1,MIN(1,N7/O7)) | Q7: =L7*P7 | R7: =R6+Q7 | S7: =1+IF(R7>=参数!$B$14,1,0)+IF(R7>=参数!$B$15,1,0)+IF(R7>=参数!$B$16,1,0) | T7: =N7-O7*P7 | U7: =J7*D7 | V7: =V6+U7 | W7: =INT(V7/参数!$B$18) | X7: =J7*C7 | Y7: =参数!$B$20+参数!$B$21*(A7-1) | Z7: =MIN(1,X7/Y7) | AA7: =参数!$B$22+(1-参数!$B$22)*Z7 | AB7: =参数!$B$9*(1+参数!$B$19*W6)*AA6 | AC7: =AF6+AB7 | AD7: =MIN(AC7,参数!$B$7) | AE7: =AD7/参数!$B$6 | AF7: =AC7-AD7 | AG7: =X7*G7
A8: 5 | B8: 0.34 | C8: 0.33 | D8: =1-B8-C8 | E8: =参数!$B$2+参数!$B$3*(A8-1) | F8: =F7+AE7 | G8: =1+参数!$B$17*(S7-1) | H8: =F8*G8 | I8: =E8/参数!$B$4 | J8: =MIN(H8,I8) | K8: =IF(I8<H8,"⚡受限","") | L8: =J8*B8 | M8: =参数!$B$10*参数!$B$11*(1+参数!$B$19*W7)*AA7 | N8: =T7+M8 | O8: =L8*参数!$B$13 | P8: =IF(O8=0,1,MIN(1,N8/O8)) | Q8: =L8*P8 | R8: =R7+Q8 | S8: =1+IF(R8>=参数!$B$14,1,0)+IF(R8>=参数!$B$15,1,0)+IF(R8>=参数!$B$16,1,0) | T8: =N8-O8*P8 | U8: =J8*D8 | V8: =V7+U8 | W8: =INT(V8/参数!$B$18) | X8: =J8*C8 | Y8: =参数!$B$20+参数!$B$21*(A8-1) | Z8: =MIN(1,X8/Y8) | AA8: =参数!$B$22+(1-参数!$B$22)*Z8 | AB8: =参数!$B$9*(1+参数!$B$19*W7)*AA7 | AC8: =AF7+AB8 | AD8: =MIN(AC8,参数!$B$7) | AE8: =AD8/参数!$B$6 | AF8: =AC8-AD8 | AG8: =X8*G8
A9: 6 | B9: 0.34 | C9: 0.33 | D9: =1-B9-C9 | E9: =参数!$B$2+参数!$B$3*(A9-1) | F9: =F8+AE8 | G9: =1+参数!$B$17*(S8-1) | H9: =F9*G9 | I9: =E9/参数!$B$4 | J9: =MIN(H9,I9) | K9: =IF(I9<H9,"⚡受限","") | L9: =J9*B9 | M9: =参数!$B$10*参数!$B$11*(1+参数!$B$19*W8)*AA8 | N9: =T8+M9 | O9: =L9*参数!$B$13 | P9: =IF(O9=0,1,MIN(1,N9/O9)) | Q9: =L9*P9 | R9: =R8+Q9 | S9: =1+IF(R9>=参数!$B$14,1,0)+IF(R9>=参数!$B$15,1,0)+IF(R9>=参数!$B$16,1,0) | T9: =N9-O9*P9 | U9: =J9*D9 | V9: =V8+U9 | W9: =INT(V9/参数!$B$18) | X9: =J9*C9 | Y9: =参数!$B$20+参数!$B$21*(A9-1) | Z9: =MIN(1,X9/Y9) | AA9: =参数!$B$22+(1-参数!$B$22)*Z9 | AB9: =参数!$B$9*(1+参数!$B$19*W8)*AA8 | AC9: =AF8+AB9 | AD9: =MIN(AC9,参数!$B$7) | AE9: =AD9/参数!$B$6 | AF9: =AC9-AD9 | AG9: =X9*G9
A10: 7 | B10: 0.34 | C10: 0.33 | D10: =1-B10-C10 | E10: =参数!$B$2+参数!$B$3*(A10-1) | F10: =F9+AE9 | G10: =1+参数!$B$17*(S9-1) | H10: =F10*G10 | I10: =E10/参数!$B$4 | J10: =MIN(H10,I10) | K10: =IF(I10<H10,"⚡受限","") | L10: =J10*B10 | M10: =参数!$B$10*参数!$B$11*(1+参数!$B$19*W9)*AA9 | N10: =T9+M10 | O10: =L10*参数!$B$13 | P10: =IF(O10=0,1,MIN(1,N10/O10)) | Q10: =L10*P10 | R10: =R9+Q10 | S10: =1+IF(R10>=参数!$B$14,1,0)+IF(R10>=参数!$B$15,1,0)+IF(R10>=参数!$B$16,1,0) | T10: =N10-O10*P10 | U10: =J10*D10 | V10: =V9+U10 | W10: =INT(V10/参数!$B$18) | X10: =J10*C10 | Y10: =参数!$B$20+参数!$B$21*(A10-1) | Z10: =MIN(1,X10/Y10) | AA10: =参数!$B$22+(1-参数!$B$22)*Z10 | AB10: =参数!$B$9*(1+参数!$B$19*W9)*AA9 | AC10: =AF9+AB10 | AD10: =MIN(AC10,参数!$B$7) | AE10: =AD10/参数!$B$6 | AF10: =AC10-AD10 | AG10: =X10*G10
A11: 8 | B11: 0.34 | C11: 0.33 | D11: =1-B11-C11 | E11: =参数!$B$2+参数!$B$3*(A11-1) | F11: =F10+AE10 | G11: =1+参数!$B$17*(S10-1) | H11: =F11*G11 | I11: =E11/参数!$B$4 | J11: =MIN(H11,I11) | K11: =IF(I11<H11,"⚡受限","") | L11: =J11*B11 | M11: =参数!$B$10*参数!$B$11*(1+参数!$B$19*W10)*AA10 | N11: =T10+M11 | O11: =L11*参数!$B$13 | P11: =IF(O11=0,1,MIN(1,N11/O11)) | Q11: =L11*P11 | R11: =R10+Q11 | S11: =1+IF(R11>=参数!$B$14,1,0)+IF(R11>=参数!$B$15,1,0)+IF(R11>=参数!$B$16,1,0) | T11: =N11-O11*P11 | U11: =J11*D11 | V11: =V10+U11 | W11: =INT(V11/参数!$B$18) | X11: =J11*C11 | Y11: =参数!$B$20+参数!$B$21*(A11-1) | Z11: =MIN(1,X11/Y11) | AA11: =参数!$B$22+(1-参数!$B$22)*Z11 | AB11: =参数!$B$9*(1+参数!$B$19*W10)*AA10 | AC11: =AF10+AB11 | AD11: =MIN(AC11,参数!$B$7) | AE11: =AD11/参数!$B$6 | AF11: =AC11-AD11 | AG11: =X11*G11
A12: 9 | B12: 0.34 | C12: 0.33 | D12: =1-B12-C12 | E12: =参数!$B$2+参数!$B$3*(A12-1) | F12: =F11+AE11 | G12: =1+参数!$B$17*(S11-1) | H12: =F12*G12 | I12: =E12/参数!$B$4 | J12: =MIN(H12,I12) | K12: =IF(I12<H12,"⚡受限","") | L12: =J12*B12 | M12: =参数!$B$10*参数!$B$11*(1+参数!$B$19*W11)*AA11 | N12: =T11+M12 | O12: =L12*参数!$B$13 | P12: =IF(O12=0,1,MIN(1,N12/O12)) | Q12: =L12*P12 | R12: =R11+Q12 | S12: =1+IF(R12>=参数!$B$14,1,0)+IF(R12>=参数!$B$15,1,0)+IF(R12>=参数!$B$16,1,0) | T12: =N12-O12*P12 | U12: =J12*D12 | V12: =V11+U12 | W12: =INT(V12/参数!$B$18) | X12: =J12*C12 | Y12: =参数!$B$20+参数!$B$21*(A12-1) | Z12: =MIN(1,X12/Y12) | AA12: =参数!$B$22+(1-参数!$B$22)*Z12 | AB12: =参数!$B$9*(1+参数!$B$19*W11)*AA11 | AC12: =AF11+AB12 | AD12: =MIN(AC12,参数!$B$7) | AE12: =AD12/参数!$B$6 | AF12: =AC12-AD12 | AG12: =X12*G12
A13: 10 | B13: 0.34 | C13: 0.33 | D13: =1-B13-C13 | E13: =参数!$B$2+参数!$B$3*(A13-1) | F13: =F12+AE12 | G13: =1+参数!$B$17*(S12-1) | H13: =F13*G13 | I13: =E13/参数!$B$4 | J13: =MIN(H13,I13) | K13: =IF(I13<H13,"⚡受限","") | L13: =J13*B13 | M13: =参数!$B$10*参数!$B$11*(1+参数!$B$19*W12)*AA12 | N13: =T12+M13 | O13: =L13*参数!$B$13 | P13: =IF(O13=0,1,MIN(1,N13/O13)) | Q13: =L13*P13 | R13: =R12+Q13 | S13: =1+IF(R13>=参数!$B$14,1,0)+IF(R13>=参数!$B$15,1,0)+IF(R13>=参数!$B$16,1,0) | T13: =N13-O13*P13 | U13: =J13*D13 | V13: =V12+U13 | W13: =INT(V13/参数!$B$18) | X13: =J13*C13 | Y13: =参数!$B$20+参数!$B$21*(A13-1) | Z13: =MIN(1,X13/Y13) | AA13: =参数!$B$22+(1-参数!$B$22)*Z13 | AB13: =参数!$B$9*(1+参数!$B$19*W12)*AA12 | AC13: =AF12+AB13 | AD13: =MIN(AC13,参数!$B$7) | AE13: =AD13/参数!$B$6 | AF13: =AC13-AD13 | AG13: =X13*G13
A14: 11 | B14: 0.34 | C14: 0.33 | D14: =1-B14-C14 | E14: =参数!$B$2+参数!$B$3*(A14-1) | F14: =F13+AE13 | G14: =1+参数!$B$17*(S13-1) | H14: =F14*G14 | I14: =E14/参数!$B$4 | J14: =MIN(H14,I14) | K14: =IF(I14<H14,"⚡受限","") | L14: =J14*B14 | M14: =参数!$B$10*参数!$B$11*(1+参数!$B$19*W13)*AA13 | N14: =T13+M14 | O14: =L14*参数!$B$13 | P14: =IF(O14=0,1,MIN(1,N14/O14)) | Q14: =L14*P14 | R14: =R13+Q14 | S14: =1+IF(R14>=参数!$B$14,1,0)+IF(R14>=参数!$B$15,1,0)+IF(R14>=参数!$B$16,1,0) | T14: =N14-O14*P14 | U14: =J14*D14 | V14: =V13+U14 | W14: =INT(V14/参数!$B$18) | X14: =J14*C14 | Y14: =参数!$B$20+参数!$B$21*(A14-1) | Z14: =MIN(1,X14/Y14) | AA14: =参数!$B$22+(1-参数!$B$22)*Z14 | AB14: =参数!$B$9*(1+参数!$B$19*W13)*AA13 | AC14: =AF13+AB14 | AD14: =MIN(AC14,参数!$B$7) | AE14: =AD14/参数!$B$6 | AF14: =AC14-AD14 | AG14: =X14*G14
A15: 12 | B15: 0.34 | C15: 0.33 | D15: =1-B15-C15 | E15: =参数!$B$2+参数!$B$3*(A15-1) | F15: =F14+AE14 | G15: =1+参数!$B$17*(S14-1) | H15: =F15*G15 | I15: =E15/参数!$B$4 | J15: =MIN(H15,I15) | K15: =IF(I15<H15,"⚡受限","") | L15: =J15*B15 | M15: =参数!$B$10*参数!$B$11*(1+参数!$B$19*W14)*AA14 | N15: =T14+M15 | O15: =L15*参数!$B$13 | P15: =IF(O15=0,1,MIN(1,N15/O15)) | Q15: =L15*P15 | R15: =R14+Q15 | S15: =1+IF(R15>=参数!$B$14,1,0)+IF(R15>=参数!$B$15,1,0)+IF(R15>=参数!$B$16,1,0) | T15: =N15-O15*P15 | U15: =J15*D15 | V15: =V14+U15 | W15: =INT(V15/参数!$B$18) | X15: =J15*C15 | Y15: =参数!$B$20+参数!$B$21*(A15-1) | Z15: =MIN(1,X15/Y15) | AA15: =参数!$B$22+(1-参数!$B$22)*Z15 | AB15: =参数!$B$9*(1+参数!$B$19*W14)*AA14 | AC15: =AF14+AB15 | AD15: =MIN(AC15,参数!$B$7) | AE15: =AD15/参数!$B$6 | AF15: =AC15-AD15 | AG15: =X15*G15
A16: 13 | B16: 0.34 | C16: 0.33 | D16: =1-B16-C16 | E16: =参数!$B$2+参数!$B$3*(A16-1) | F16: =F15+AE15 | G16: =1+参数!$B$17*(S15-1) | H16: =F16*G16 | I16: =E16/参数!$B$4 | J16: =MIN(H16,I16) | K16: =IF(I16<H16,"⚡受限","") | L16: =J16*B16 | M16: =参数!$B$10*参数!$B$11*(1+参数!$B$19*W15)*AA15 | N16: =T15+M16 | O16: =L16*参数!$B$13 | P16: =IF(O16=0,1,MIN(1,N16/O16)) | Q16: =L16*P16 | R16: =R15+Q16 | S16: =1+IF(R16>=参数!$B$14,1,0)+IF(R16>=参数!$B$15,1,0)+IF(R16>=参数!$B$16,1,0) | T16: =N16-O16*P16 | U16: =J16*D16 | V16: =V15+U16 | W16: =INT(V16/参数!$B$18) | X16: =J16*C16 | Y16: =参数!$B$20+参数!$B$21*(A16-1) | Z16: =MIN(1,X16/Y16) | AA16: =参数!$B$22+(1-参数!$B$22)*Z16 | AB16: =参数!$B$9*(1+参数!$B$19*W15)*AA15 | AC16: =AF15+AB16 | AD16: =MIN(AC16,参数!$B$7) | AE16: =AD16/参数!$B$6 | AF16: =AC16-AD16 | AG16: =X16*G16
... A23: 20 | B23: 0.34 | C23: 0.33 | D23: =1-B23-C23 | E23: =参数!$B$2+参数!$B$3*(A23-1) | F23: =F22+AE22 | G23: =1+参数!$B$17*(S22-1) | H23: =F23*G23 | I23: =E23/参数!$B$4 | J23: =MIN(H23,I23) | K23: =IF(I23<H23,"⚡受限","") | L23: =J23*B23 | M23: =参数!$B$10*参数!$B$11*(1+参数!$B$19*W22)*AA22 | N23: =T22+M23 | O23: =L23*参数!$B$13 | P23: =IF(O23=0,1,MIN(1,N23/O23)) | Q23: =L23*P23 | R23: =R22+Q23 | S23: =1+IF(R23>=参数!$B$14,1,0)+IF(R23>=参数!$B$15,1,0)+IF(R23>=参数!$B$16,1,0) | T23: =N23-O23*P23 | U23: =J23*D23 | V23: =V22+U23 | W23: =INT(V23/参数!$B$18) | X23: =J23*C23 | Y23: =参数!$B$20+参数!$B$21*(A23-1) | Z23: =MIN(1,X23/Y23) | AA23: =参数!$B$22+(1-参数!$B$22)*Z23 | AB23: =参数!$B$9*(1+参数!$B$19*W22)*AA22 | AC23: =AF22+AB23 | AD23: =MIN(AC23,参数!$B$7) | AE23: =AD23/参数!$B$6 | AF23: =AC23-AD23 | AG23: =X23*G23

Sheet 情景B奇点
A1: 情景B奇点 —— 奇点冲刺流：算力压倒性投入训练（训练 65% / 推理 20% / 研发 15%）
A2: 蓝色列逐回合可调；其余全部为公式
A3: 回合 | B3: 训练% | C3: 推理% | D3: 研发% (自动) | E3: 电力 供给 | F3: 数据中心 容量 | G3: 代际 系数 | H3: 理论 算力 | I3: 电力上限 算力 | J3: 实际 算力 | K3: 电力 受限 | L3: 训练 算力 | M3: 数据 产出 | N3: 可用 数据 | O3: 训练需 数据 | P3: 数据 满足率 | Q3: 有效 训练 | R3: 累积 训练 | S3: 代际 | T3: 数据池 余量 | U3: 研发 算力 | V3: 科技点 | W3: 科技 等级 | X3: 推理 算力 | Y3: 推理 需求 | Z3: 推理 供给率 | AA3: 经济 系数 | AB3: 芯片 产出 | AC3: 芯片 可用 | AD3: 芯片 投资 | AE3: 新增容量 (次回合) | AF3: 芯片 库存 | AG3: 军力 指数
A4: 1 | B4: 0.65 | C4: 0.2 | D4: =1-B4-C4 | E4: =参数!$B$2+参数!$B$3*(A4-1) | F4: =参数!$B$5 | G4: =1 | H4: =F4*G4 | I4: =E4/参数!$B$4 | J4: =MIN(H4,I4) | K4: =IF(I4<H4,"⚡受限","") | L4: =J4*B4 | M4: =参数!$B$10*参数!$B$11 | N4: =参数!$B$12+M4 | O4: =L4*参数!$B$13 | P4: =IF(O4=0,1,MIN(1,N4/O4)) | Q4: =L4*P4 | R4: =Q4 | S4: =1+IF(R4>=参数!$B$14,1,0)+IF(R4>=参数!$B$15,1,0)+IF(R4>=参数!$B$16,1,0) | T4: =N4-O4*P4 | U4: =J4*D4 | V4: =U4 | W4: =INT(V4/参数!$B$18) | X4: =J4*C4 | Y4: =参数!$B$20+参数!$B$21*(A4-1) | Z4: =MIN(1,X4/Y4) | AA4: =参数!$B$22+(1-参数!$B$22)*Z4 | AB4: =参数!$B$9 | AC4: =参数!$B$8+AB4 | AD4: =MIN(AC4,参数!$B$7) | AE4: =AD4/参数!$B$6 | AF4: =AC4-AD4 | AG4: =X4*G4
A5: 2 | B5: 0.65 | C5: 0.2 | D5: =1-B5-C5 | E5: =参数!$B$2+参数!$B$3*(A5-1) | F5: =F4+AE4 | G5: =1+参数!$B$17*(S4-1) | H5: =F5*G5 | I5: =E5/参数!$B$4 | J5: =MIN(H5,I5) | K5: =IF(I5<H5,"⚡受限","") | L5: =J5*B5 | M5: =参数!$B$10*参数!$B$11*(1+参数!$B$19*W4)*AA4 | N5: =T4+M5 | O5: =L5*参数!$B$13 | P5: =IF(O5=0,1,MIN(1,N5/O5)) | Q5: =L5*P5 | R5: =R4+Q5 | S5: =1+IF(R5>=参数!$B$14,1,0)+IF(R5>=参数!$B$15,1,0)+IF(R5>=参数!$B$16,1,0) | T5: =N5-O5*P5 | U5: =J5*D5 | V5: =V4+U5 | W5: =INT(V5/参数!$B$18) | X5: =J5*C5 | Y5: =参数!$B$20+参数!$B$21*(A5-1) | Z5: =MIN(1,X5/Y5) | AA5: =参数!$B$22+(1-参数!$B$22)*Z5 | AB5: =参数!$B$9*(1+参数!$B$19*W4)*AA4 | AC5: =AF4+AB5 | AD5: =MIN(AC5,参数!$B$7) | AE5: =AD5/参数!$B$6 | AF5: =AC5-AD5 | AG5: =X5*G5
A6: 3 | B6: 0.65 | C6: 0.2 | D6: =1-B6-C6 | E6: =参数!$B$2+参数!$B$3*(A6-1) | F6: =F5+AE5 | G6: =1+参数!$B$17*(S5-1) | H6: =F6*G6 | I6: =E6/参数!$B$4 | J6: =MIN(H6,I6) | K6: =IF(I6<H6,"⚡受限","") | L6: =J6*B6 | M6: =参数!$B$10*参数!$B$11*(1+参数!$B$19*W5)*AA5 | N6: =T5+M6 | O6: =L6*参数!$B$13 | P6: =IF(O6=0,1,MIN(1,N6/O6)) | Q6: =L6*P6 | R6: =R5+Q6 | S6: =1+IF(R6>=参数!$B$14,1,0)+IF(R6>=参数!$B$15,1,0)+IF(R6>=参数!$B$16,1,0) | T6: =N6-O6*P6 | U6: =J6*D6 | V6: =V5+U6 | W6: =INT(V6/参数!$B$18) | X6: =J6*C6 | Y6: =参数!$B$20+参数!$B$21*(A6-1) | Z6: =MIN(1,X6/Y6) | AA6: =参数!$B$22+(1-参数!$B$22)*Z6 | AB6: =参数!$B$9*(1+参数!$B$19*W5)*AA5 | AC6: =AF5+AB6 | AD6: =MIN(AC6,参数!$B$7) | AE6: =AD6/参数!$B$6 | AF6: =AC6-AD6 | AG6: =X6*G6
A7: 4 | B7: 0.65 | C7: 0.2 | D7: =1-B7-C7 | E7: =参数!$B$2+参数!$B$3*(A7-1) | F7: =F6+AE6 | G7: =1+参数!$B$17*(S6-1) | H7: =F7*G7 | I7: =E7/参数!$B$4 | J7: =MIN(H7,I7) | K7: =IF(I7<H7,"⚡受限","") | L7: =J7*B7 | M7: =参数!$B$10*参数!$B$11*(1+参数!$B$19*W6)*AA6 | N7: =T6+M7 | O7: =L7*参数!$B$13 | P7: =IF(O7=0,1,MIN(1,N7/O7)) | Q7: =L7*P7 | R7: =R6+Q7 | S7: =1+IF(R7>=参数!$B$14,1,0)+IF(R7>=参数!$B$15,1,0)+IF(R7>=参数!$B$16,1,0) | T7: =N7-O7*P7 | U7: =J7*D7 | V7: =V6+U7 | W7: =INT(V7/参数!$B$18) | X7: =J7*C7 | Y7: =参数!$B$20+参数!$B$21*(A7-1) | Z7: =MIN(1,X7/Y7) | AA7: =参数!$B$22+(1-参数!$B$22)*Z7 | AB7: =参数!$B$9*(1+参数!$B$19*W6)*AA6 | AC7: =AF6+AB7 | AD7: =MIN(AC7,参数!$B$7) | AE7: =AD7/参数!$B$6 | AF7: =AC7-AD7 | AG7: =X7*G7
A8: 5 | B8: 0.65 | C8: 0.2 | D8: =1-B8-C8 | E8: =参数!$B$2+参数!$B$3*(A8-1) | F8: =F7+AE7 | G8: =1+参数!$B$17*(S7-1) | H8: =F8*G8 | I8: =E8/参数!$B$4 | J8: =MIN(H8,I8) | K8: =IF(I8<H8,"⚡受限","") | L8: =J8*B8 | M8: =参数!$B$10*参数!$B$11*(1+参数!$B$19*W7)*AA7 | N8: =T7+M8 | O8: =L8*参数!$B$13 | P8: =IF(O8=0,1,MIN(1,N8/O8)) | Q8: =L8*P8 | R8: =R7+Q8 | S8: =1+IF(R8>=参数!$B$14,1,0)+IF(R8>=参数!$B$15,1,0)+IF(R8>=参数!$B$16,1,0) | T8: =N8-O8*P8 | U8: =J8*D8 | V8: =V7+U8 | W8: =INT(V8/参数!$B$18) | X8: =J8*C8 | Y8: =参数!$B$20+参数!$B$21*(A8-1) | Z8: =MIN(1,X8/Y8) | AA8: =参数!$B$22+(1-参数!$B$22)*Z8 | AB8: =参数!$B$9*(1+参数!$B$19*W7)*AA7 | AC8: =AF7+AB8 | AD8: =MIN(AC8,参数!$B$7) | AE8: =AD8/参数!$B$6 | AF8: =AC8-AD8 | AG8: =X8*G8
A9: 6 | B9: 0.65 | C9: 0.2 | D9: =1-B9-C9 | E9: =参数!$B$2+参数!$B$3*(A9-1) | F9: =F8+AE8 | G9: =1+参数!$B$17*(S8-1) | H9: =F9*G9 | I9: =E9/参数!$B$4 | J9: =MIN(H9,I9) | K9: =IF(I9<H9,"⚡受限","") | L9: =J9*B9 | M9: =参数!$B$10*参数!$B$11*(1+参数!$B$19*W8)*AA8 | N9: =T8+M9 | O9: =L9*参数!$B$13 | P9: =IF(O9=0,1,MIN(1,N9/O9)) | Q9: =L9*P9 | R9: =R8+Q9 | S9: =1+IF(R9>=参数!$B$14,1,0)+IF(R9>=参数!$B$15,1,0)+IF(R9>=参数!$B$16,1,0) | T9: =N9-O9*P9 | U9: =J9*D9 | V9: =V8+U9 | W9: =INT(V9/参数!$B$18) | X9: =J9*C9 | Y9: =参数!$B$20+参数!$B$21*(A9-1) | Z9: =MIN(1,X9/Y9) | AA9: =参数!$B$22+(1-参数!$B$22)*Z9 | AB9: =参数!$B$9*(1+参数!$B$19*W8)*AA8 | AC9: =AF8+AB9 | AD9: =MIN(AC9,参数!$B$7) | AE9: =AD9/参数!$B$6 | AF9: =AC9-AD9 | AG9: =X9*G9
A10: 7 | B10: 0.65 | C10: 0.2 | D10: =1-B10-C10 | E10: =参数!$B$2+参数!$B$3*(A10-1) | F10: =F9+AE9 | G10: =1+参数!$B$17*(S9-1) | H10: =F10*G10 | I10: =E10/参数!$B$4 | J10: =MIN(H10,I10) | K10: =IF(I10<H10,"⚡受限","") | L10: =J10*B10 | M10: =参数!$B$10*参数!$B$11*(1+参数!$B$19*W9)*AA9 | N10: =T9+M10 | O10: =L10*参数!$B$13 | P10: =IF(O10=0,1,MIN(1,N10/O10)) | Q10: =L10*P10 | R10: =R9+Q10 | S10: =1+IF(R10>=参数!$B$14,1,0)+IF(R10>=参数!$B$15,1,0)+IF(R10>=参数!$B$16,1,0) | T10: =N10-O10*P10 | U10: =J10*D10 | V10: =V9+U10 | W10: =INT(V10/参数!$B$18) | X10: =J10*C10 | Y10: =参数!$B$20+参数!$B$21*(A10-1) | Z10: =MIN(1,X10/Y10) | AA10: =参数!$B$22+(1-参数!$B$22)*Z10 | AB10: =参数!$B$9*(1+参数!$B$19*W9)*AA9 | AC10: =AF9+AB10 | AD10: =MIN(AC10,参数!$B$7) | AE10: =AD10/参数!$B$6 | AF10: =AC10-AD10 | AG10: =X10*G10
A11: 8 | B11: 0.65 | C11: 0.2 | D11: =1-B11-C11 | E11: =参数!$B$2+参数!$B$3*(A11-1) | F11: =F10+AE10 | G11: =1+参数!$B$17*(S10-1) | H11: =F11*G11 | I11: =E11/参数!$B$4 | J11: =MIN(H11,I11) | K11: =IF(I11<H11,"⚡受限","") | L11: =J11*B11 | M11: =参数!$B$10*参数!$B$11*(1+参数!$B$19*W10)*AA10 | N11: =T10+M11 | O11: =L11*参数!$B$13 | P11: =IF(O11=0,1,MIN(1,N11/O11)) | Q11: =L11*P11 | R11: =R10+Q11 | S11: =1+IF(R11>=参数!$B$14,1,0)+IF(R11>=参数!$B$15,1,0)+IF(R11>=参数!$B$16,1,0) | T11: =N11-O11*P11 | U11: =J11*D11 | V11: =V10+U11 | W11: =INT(V11/参数!$B$18) | X11: =J11*C11 | Y11: =参数!$B$20+参数!$B$21*(A11-1) | Z11: =MIN(1,X11/Y11) | AA11: =参数!$B$22+(1-参数!$B$22)*Z11 | AB11: =参数!$B$9*(1+参数!$B$19*W10)*AA10 | AC11: =AF10+AB11 | AD11: =MIN(AC11,参数!$B$7) | AE11: =AD11/参数!$B$6 | AF11: =AC11-AD11 | AG11: =X11*G11
A12: 9 | B12: 0.65 | C12: 0.2 | D12: =1-B12-C12 | E12: =参数!$B$2+参数!$B$3*(A12-1) | F12: =F11+AE11 | G12: =1+参数!$B$17*(S11-1) | H12: =F12*G12 | I12: =E12/参数!$B$4 | J12: =MIN(H12,I12) | K12: =IF(I12<H12,"⚡受限","") | L12: =J12*B12 | M12: =参数!$B$10*参数!$B$11*(1+参数!$B$19*W11)*AA11 | N12: =T11+M12 | O12: =L12*参数!$B$13 | P12: =IF(O12=0,1,MIN(1,N12/O12)) | Q12: =L12*P12 | R12: =R11+Q12 | S12: =1+IF(R12>=参数!$B$14,1,0)+IF(R12>=参数!$B$15,1,0)+IF(R12>=参数!$B$16,1,0) | T12: =N12-O12*P12 | U12: =J12*D12 | V12: =V11+U12 | W12: =INT(V12/参数!$B$18) | X12: =J12*C12 | Y12: =参数!$B$20+参数!$B$21*(A12-1) | Z12: =MIN(1,X12/Y12) | AA12: =参数!$B$22+(1-参数!$B$22)*Z12 | AB12: =参数!$B$9*(1+参数!$B$19*W11)*AA11 | AC12: =AF11+AB12 | AD12: =MIN(AC12,参数!$B$7) | AE12: =AD12/参数!$B$6 | AF12: =AC12-AD12 | AG12: =X12*G12
A13: 10 | B13: 0.65 | C13: 0.2 | D13: =1-B13-C13 | E13: =参数!$B$2+参数!$B$3*(A13-1) | F13: =F12+AE12 | G13: =1+参数!$B$17*(S12-1) | H13: =F13*G13 | I13: =E13/参数!$B$4 | J13: =MIN(H13,I13) | K13: =IF(I13<H13,"⚡受限","") | L13: =J13*B13 | M13: =参数!$B$10*参数!$B$11*(1+参数!$B$19*W12)*AA12 | N13: =T12+M13 | O13: =L13*参数!$B$13 | P13: =IF(O13=0,1,MIN(1,N13/O13)) | Q13: =L13*P13 | R13: =R12+Q13 | S13: =1+IF(R13>=参数!$B$14,1,0)+IF(R13>=参数!$B$15,1,0)+IF(R13>=参数!$B$16,1,0) | T13: =N13-O13*P13 | U13: =J13*D13 | V13: =V12+U13 | W13: =INT(V13/参数!$B$18) | X13: =J13*C13 | Y13: =参数!$B$20+参数!$B$21*(A13-1) | Z13: =MIN(1,X13/Y13) | AA13: =参数!$B$22+(1-参数!$B$22)*Z13 | AB13: =参数!$B$9*(1+参数!$B$19*W12)*AA12 | AC13: =AF12+AB13 | AD13: =MIN(AC13,参数!$B$7) | AE13: =AD13/参数!$B$6 | AF13: =AC13-AD13 | AG13: =X13*G13
A14: 11 | B14: 0.65 | C14: 0.2 | D14: =1-B14-C14 | E14: =参数!$B$2+参数!$B$3*(A14-1) | F14: =F13+AE13 | G14: =1+参数!$B$17*(S13-1) | H14: =F14*G14 | I14: =E14/参数!$B$4 | J14: =MIN(H14,I14) | K14: =IF(I14<H14,"⚡受限","") | L14: =J14*B14 | M14: =参数!$B$10*参数!$B$11*(1+参数!$B$19*W13)*AA13 | N14: =T13+M14 | O14: =L14*参数!$B$13 | P14: =IF(O14=0,1,MIN(1,N14/O14)) | Q14: =L14*P14 | R14: =R13+Q14 | S14: =1+IF(R14>=参数!$B$14,1,0)+IF(R14>=参数!$B$15,1,0)+IF(R14>=参数!$B$16,1,0) | T14: =N14-O14*P14 | U14: =J14*D14 | V14: =V13+U14 | W14: =INT(V14/参数!$B$18) | X14: =J14*C14 | Y14: =参数!$B$20+参数!$B$21*(A14-1) | Z14: =MIN(1,X14/Y14) | AA14: =参数!$B$22+(1-参数!$B$22)*Z14 | AB14: =参数!$B$9*(1+参数!$B$19*W13)*AA13 | AC14: =AF13+AB14 | AD14: =MIN(AC14,参数!$B$7) | AE14: =AD14/参数!$B$6 | AF14: =AC14-AD14 | AG14: =X14*G14
A15: 12 | B15: 0.65 | C15: 0.2 | D15: =1-B15-C15 | E15: =参数!$B$2+参数!$B$3*(A15-1) | F15: =F14+AE14 | G15: =1+参数!$B$17*(S14-1) | H15: =F15*G15 | I15: =E15/参数!$B$4 | J15: =MIN(H15,I15) | K15: =IF(I15<H15,"⚡受限","") | L15: =J15*B15 | M15: =参数!$B$10*参数!$B$11*(1+参数!$B$19*W14)*AA14 | N15: =T14+M15 | O15: =L15*参数!$B$13 | P15: =IF(O15=0,1,MIN(1,N15/O15)) | Q15: =L15*P15 | R15: =R14+Q15 | S15: =1+IF(R15>=参数!$B$14,1,0)+IF(R15>=参数!$B$15,1,0)+IF(R15>=参数!$B$16,1,0) | T15: =N15-O15*P15 | U15: =J15*D15 | V15: =V14+U15 | W15: =INT(V15/参数!$B$18) | X15: =J15*C15 | Y15: =参数!$B$20+参数!$B$21*(A15-1) | Z15: =MIN(1,X15/Y15) | AA15: =参数!$B$22+(1-参数!$B$22)*Z15 | AB15: =参数!$B$9*(1+参数!$B$19*W14)*AA14 | AC15: =AF14+AB15 | AD15: =MIN(AC15,参数!$B$7) | AE15: =AD15/参数!$B$6 | AF15: =AC15-AD15 | AG15: =X15*G15
A16: 13 | B16: 0.65 | C16: 0.2 | D16: =1-B16-C16 | E16: =参数!$B$2+参数!$B$3*(A16-1) | F16: =F15+AE15 | G16: =1+参数!$B$17*(S15-1) | H16: =F16*G16 | I16: =E16/参数!$B$4 | J16: =MIN(H16,I16) | K16: =IF(I16<H16,"⚡受限","") | L16: =J16*B16 | M16: =参数!$B$10*参数!$B$11*(1+参数!$B$19*W15)*AA15 | N16: =T15+M16 | O16: =L16*参数!$B$13 | P16: =IF(O16=0,1,MIN(1,N16/O16)) | Q16: =L16*P16 | R16: =R15+Q16 | S16: =1+IF(R16>=参数!$B$14,1,0)+IF(R16>=参数!$B$15,1,0)+IF(R16>=参数!$B$16,1,0) | T16: =N16-O16*P16 | U16: =J16*D16 | V16: =V15+U16 | W16: =INT(V16/参数!$B$18) | X16: =J16*C16 | Y16: =参数!$B$20+参数!$B$21*(A16-1) | Z16: =MIN(1,X16/Y16) | AA16: =参数!$B$22+(1-参数!$B$22)*Z16 | AB16: =参数!$B$9*(1+参数!$B$19*W15)*AA15 | AC16: =AF15+AB16 | AD16: =MIN(AC16,参数!$B$7) | AE16: =AD16/参数!$B$6 | AF16: =AC16-AD16 | AG16: =X16*G16
... A23: 20 | B23: 0.65 | C23: 0.2 | D23: =1-B23-C23 | E23: =参数!$B$2+参数!$B$3*(A23-1) | F23: =F22+AE22 | G23: =1+参数!$B$17*(S22-1) | H23: =F23*G23 | I23: =E23/参数!$B$4 | J23: =MIN(H23,I23) | K23: =IF(I23<H23,"⚡受限","") | L23: =J23*B23 | M23: =参数!$B$10*参数!$B$11*(1+参数!$B$19*W22)*AA22 | N23: =T22+M23 | O23: =L23*参数!$B$13 | P23: =IF(O23=0,1,MIN(1,N23/O23)) | Q23: =L23*P23 | R23: =R22+Q23 | S23: =1+IF(R23>=参数!$B$14,1,0)+IF(R23>=参数!$B$15,1,0)+IF(R23>=参数!$B$16,1,0) | T23: =N23-O23*P23 | U23: =J23*D23 | V23: =V22+U23 | W23: =INT(V23/参数!$B$18) | X23: =J23*C23 | Y23: =参数!$B$20+参数!$B$21*(A23-1) | Z23: =MIN(1,X23/Y23) | AA23: =参数!$B$22+(1-参数!$B$22)*Z23 | AB23: =参数!$B$9*(1+参数!$B$19*W22)*AA22 | AC23: =AF22+AB23 | AD23: =MIN(AC23,参数!$B$7) | AE23: =AD23/参数!$B$6 | AF23: =AC23-AD23 | AG23: =X23*G23

Sheet 情景C军备
A1: 情景C军备 —— 军备优先流：推理喂饱军队与经济（训练 15% / 推理 65% / 研发 20%）
A2: 蓝色列逐回合可调；其余全部为公式
A3: 回合 | B3: 训练% | C3: 推理% | D3: 研发% (自动) | E3: 电力 供给 | F3: 数据中心 容量 | G3: 代际 系数 | H3: 理论 算力 | I3: 电力上限 算力 | J3: 实际 算力 | K3: 电力 受限 | L3: 训练 算力 | M3: 数据 产出 | N3: 可用 数据 | O3: 训练需 数据 | P3: 数据 满足率 | Q3: 有效 训练 | R3: 累积 训练 | S3: 代际 | T3: 数据池 余量 | U3: 研发 算力 | V3: 科技点 | W3: 科技 等级 | X3: 推理 算力 | Y3: 推理 需求 | Z3: 推理 供给率 | AA3: 经济 系数 | AB3: 芯片 产出 | AC3: 芯片 可用 | AD3: 芯片 投资 | AE3: 新增容量 (次回合) | AF3: 芯片 库存 | AG3: 军力 指数
A4: 1 | B4: 0.15 | C4: 0.65 | D4: =1-B4-C4 | E4: =参数!$B$2+参数!$B$3*(A4-1) | F4: =参数!$B$5 | G4: =1 | H4: =F4*G4 | I4: =E4/参数!$B$4 | J4: =MIN(H4,I4) | K4: =IF(I4<H4,"⚡受限","") | L4: =J4*B4 | M4: =参数!$B$10*参数!$B$11 | N4: =参数!$B$12+M4 | O4: =L4*参数!$B$13 | P4: =IF(O4=0,1,MIN(1,N4/O4)) | Q4: =L4*P4 | R4: =Q4 | S4: =1+IF(R4>=参数!$B$14,1,0)+IF(R4>=参数!$B$15,1,0)+IF(R4>=参数!$B$16,1,0) | T4: =N4-O4*P4 | U4: =J4*D4 | V4: =U4 | W4: =INT(V4/参数!$B$18) | X4: =J4*C4 | Y4: =参数!$B$20+参数!$B$21*(A4-1) | Z4: =MIN(1,X4/Y4) | AA4: =参数!$B$22+(1-参数!$B$22)*Z4 | AB4: =参数!$B$9 | AC4: =参数!$B$8+AB4 | AD4: =MIN(AC4,参数!$B$7) | AE4: =AD4/参数!$B$6 | AF4: =AC4-AD4 | AG4: =X4*G4
A5: 2 | B5: 0.15 | C5: 0.65 | D5: =1-B5-C5 | E5: =参数!$B$2+参数!$B$3*(A5-1) | F5: =F4+AE4 | G5: =1+参数!$B$17*(S4-1) | H5: =F5*G5 | I5: =E5/参数!$B$4 | J5: =MIN(H5,I5) | K5: =IF(I5<H5,"⚡受限","") | L5: =J5*B5 | M5: =参数!$B$10*参数!$B$11*(1+参数!$B$19*W4)*AA4 | N5: =T4+M5 | O5: =L5*参数!$B$13 | P5: =IF(O5=0,1,MIN(1,N5/O5)) | Q5: =L5*P5 | R5: =R4+Q5 | S5: =1+IF(R5>=参数!$B$14,1,0)+IF(R5>=参数!$B$15,1,0)+IF(R5>=参数!$B$16,1,0) | T5: =N5-O5*P5 | U5: =J5*D5 | V5: =V4+U5 | W5: =INT(V5/参数!$B$18) | X5: =J5*C5 | Y5: =参数!$B$20+参数!$B$21*(A5-1) | Z5: =MIN(1,X5/Y5) | AA5: =参数!$B$22+(1-参数!$B$22)*Z5 | AB5: =参数!$B$9*(1+参数!$B$19*W4)*AA4 | AC5: =AF4+AB5 | AD5: =MIN(AC5,参数!$B$7) | AE5: =AD5/参数!$B$6 | AF5: =AC5-AD5 | AG5: =X5*G5
A6: 3 | B6: 0.15 | C6: 0.65 | D6: =1-B6-C6 | E6: =参数!$B$2+参数!$B$3*(A6-1) | F6: =F5+AE5 | G6: =1+参数!$B$17*(S5-1) | H6: =F6*G6 | I6: =E6/参数!$B$4 | J6: =MIN(H6,I6) | K6: =IF(I6<H6,"⚡受限","") | L6: =J6*B6 | M6: =参数!$B$10*参数!$B$11*(1+参数!$B$19*W5)*AA5 | N6: =T5+M6 | O6: =L6*参数!$B$13 | P6: =IF(O6=0,1,MIN(1,N6/O6)) | Q6: =L6*P6 | R6: =R5+Q6 | S6: =1+IF(R6>=参数!$B$14,1,0)+IF(R6>=参数!$B$15,1,0)+IF(R6>=参数!$B$16,1,0) | T6: =N6-O6*P6 | U6: =J6*D6 | V6: =V5+U6 | W6: =INT(V6/参数!$B$18) | X6: =J6*C6 | Y6: =参数!$B$20+参数!$B$21*(A6-1) | Z6: =MIN(1,X6/Y6) | AA6: =参数!$B$22+(1-参数!$B$22)*Z6 | AB6: =参数!$B$9*(1+参数!$B$19*W5)*AA5 | AC6: =AF5+AB6 | AD6: =MIN(AC6,参数!$B$7) | AE6: =AD6/参数!$B$6 | AF6: =AC6-AD6 | AG6: =X6*G6
A7: 4 | B7: 0.15 | C7: 0.65 | D7: =1-B7-C7 | E7: =参数!$B$2+参数!$B$3*(A7-1) | F7: =F6+AE6 | G7: =1+参数!$B$17*(S6-1) | H7: =F7*G7 | I7: =E7/参数!$B$4 | J7: =MIN(H7,I7) | K7: =IF(I7<H7,"⚡受限","") | L7: =J7*B7 | M7: =参数!$B$10*参数!$B$11*(1+参数!$B$19*W6)*AA6 | N7: =T6+M7 | O7: =L7*参数!$B$13 | P7: =IF(O7=0,1,MIN(1,N7/O7)) | Q7: =L7*P7 | R7: =R6+Q7 | S7: =1+IF(R7>=参数!$B$14,1,0)+IF(R7>=参数!$B$15,1,0)+IF(R7>=参数!$B$16,1,0) | T7: =N7-O7*P7 | U7: =J7*D7 | V7: =V6+U7 | W7: =INT(V7/参数!$B$18) | X7: =J7*C7 | Y7: =参数!$B$20+参数!$B$21*(A7-1) | Z7: =MIN(1,X7/Y7) | AA7: =参数!$B$22+(1-参数!$B$22)*Z7 | AB7: =参数!$B$9*(1+参数!$B$19*W6)*AA6 | AC7: =AF6+AB7 | AD7: =MIN(AC7,参数!$B$7) | AE7: =AD7/参数!$B$6 | AF7: =AC7-AD7 | AG7: =X7*G7
A8: 5 | B8: 0.15 | C8: 0.65 | D8: =1-B8-C8 | E8: =参数!$B$2+参数!$B$3*(A8-1) | F8: =F7+AE7 | G8: =1+参数!$B$17*(S7-1) | H8: =F8*G8 | I8: =E8/参数!$B$4 | J8: =MIN(H8,I8) | K8: =IF(I8<H8,"⚡受限","") | L8: =J8*B8 | M8: =参数!$B$10*参数!$B$11*(1+参数!$B$19*W7)*AA7 | N8: =T7+M8 | O8: =L8*参数!$B$13 | P8: =IF(O8=0,1,MIN(1,N8/O8)) | Q8: =L8*P8 | R8: =R7+Q8 | S8: =1+IF(R8>=参数!$B$14,1,0)+IF(R8>=参数!$B$15,1,0)+IF(R8>=参数!$B$16,1,0) | T8: =N8-O8*P8 | U8: =J8*D8 | V8: =V7+U8 | W8: =INT(V8/参数!$B$18) | X8: =J8*C8 | Y8: =参数!$B$20+参数!$B$21*(A8-1) | Z8: =MIN(1,X8/Y8) | AA8: =参数!$B$22+(1-参数!$B$22)*Z8 | AB8: =参数!$B$9*(1+参数!$B$19*W7)*AA7 | AC8: =AF7+AB8 | AD8: =MIN(AC8,参数!$B$7) | AE8: =AD8/参数!$B$6 | AF8: =AC8-AD8 | AG8: =X8*G8
A9: 6 | B9: 0.15 | C9: 0.65 | D9: =1-B9-C9 | E9: =参数!$B$2+参数!$B$3*(A9-1) | F9: =F8+AE8 | G9: =1+参数!$B$17*(S8-1) | H9: =F9*G9 | I9: =E9/参数!$B$4 | J9: =MIN(H9,I9) | K9: =IF(I9<H9,"⚡受限","") | L9: =J9*B9 | M9: =参数!$B$10*参数!$B$11*(1+参数!$B$19*W8)*AA8 | N9: =T8+M9 | O9: =L9*参数!$B$13 | P9: =IF(O9=0,1,MIN(1,N9/O9)) | Q9: =L9*P9 | R9: =R8+Q9 | S9: =1+IF(R9>=参数!$B$14,1,0)+IF(R9>=参数!$B$15,1,0)+IF(R9>=参数!$B$16,1,0) | T9: =N9-O9*P9 | U9: =J9*D9 | V9: =V8+U9 | W9: =INT(V9/参数!$B$18) | X9: =J9*C9 | Y9: =参数!$B$20+参数!$B$21*(A9-1) | Z9: =MIN(1,X9/Y9) | AA9: =参数!$B$22+(1-参数!$B$22)*Z9 | AB9: =参数!$B$9*(1+参数!$B$19*W8)*AA8 | AC9: =AF8+AB9 | AD9: =MIN(AC9,参数!$B$7) | AE9: =AD9/参数!$B$6 | AF9: =AC9-AD9 | AG9: =X9*G9
A10: 7 | B10: 0.15 | C10: 0.65 | D10: =1-B10-C10 | E10: =参数!$B$2+参数!$B$3*(A10-1) | F10: =F9+AE9 | G10: =1+参数!$B$17*(S9-1) | H10: =F10*G10 | I10: =E10/参数!$B$4 | J10: =MIN(H10,I10) | K10: =IF(I10<H10,"⚡受限","") | L10: =J10*B10 | M10: =参数!$B$10*参数!$B$11*(1+参数!$B$19*W9)*AA9 | N10: =T9+M10 | O10: =L10*参数!$B$13 | P10: =IF(O10=0,1,MIN(1,N10/O10)) | Q10: =L10*P10 | R10: =R9+Q10 | S10: =1+IF(R10>=参数!$B$14,1,0)+IF(R10>=参数!$B$15,1,0)+IF(R10>=参数!$B$16,1,0) | T10: =N10-O10*P10 | U10: =J10*D10 | V10: =V9+U10 | W10: =INT(V10/参数!$B$18) | X10: =J10*C10 | Y10: =参数!$B$20+参数!$B$21*(A10-1) | Z10: =MIN(1,X10/Y10) | AA10: =参数!$B$22+(1-参数!$B$22)*Z10 | AB10: =参数!$B$9*(1+参数!$B$19*W9)*AA9 | AC10: =AF9+AB10 | AD10: =MIN(AC10,参数!$B$7) | AE10: =AD10/参数!$B$6 | AF10: =AC10-AD10 | AG10: =X10*G10
A11: 8 | B11: 0.15 | C11: 0.65 | D11: =1-B11-C11 | E11: =参数!$B$2+参数!$B$3*(A11-1) | F11: =F10+AE10 | G11: =1+参数!$B$17*(S10-1) | H11: =F11*G11 | I11: =E11/参数!$B$4 | J11: =MIN(H11,I11) | K11: =IF(I11<H11,"⚡受限","") | L11: =J11*B11 | M11: =参数!$B$10*参数!$B$11*(1+参数!$B$19*W10)*AA10 | N11: =T10+M11 | O11: =L11*参数!$B$13 | P11: =IF(O11=0,1,MIN(1,N11/O11)) | Q11: =L11*P11 | R11: =R10+Q11 | S11: =1+IF(R11>=参数!$B$14,1,0)+IF(R11>=参数!$B$15,1,0)+IF(R11>=参数!$B$16,1,0) | T11: =N11-O11*P11 | U11: =J11*D11 | V11: =V10+U11 | W11: =INT(V11/参数!$B$18) | X11: =J11*C11 | Y11: =参数!$B$20+参数!$B$21*(A11-1) | Z11: =MIN(1,X11/Y11) | AA11: =参数!$B$22+(1-参数!$B$22)*Z11 | AB11: =参数!$B$9*(1+参数!$B$19*W10)*AA10 | AC11: =AF10+AB11 | AD11: =MIN(AC11,参数!$B$7) | AE11: =AD11/参数!$B$6 | AF11: =AC11-AD11 | AG11: =X11*G11
A12: 9 | B12: 0.15 | C12: 0.65 | D12: =1-B12-C12 | E12: =参数!$B$2+参数!$B$3*(A12-1) | F12: =F11+AE11 | G12: =1+参数!$B$17*(S11-1) | H12: =F12*G12 | I12: =E12/参数!$B$4 | J12: =MIN(H12,I12) | K12: =IF(I12<H12,"⚡受限","") | L12: =J12*B12 | M12: =参数!$B$10*参数!$B$11*(1+参数!$B$19*W11)*AA11 | N12: =T11+M12 | O12: =L12*参数!$B$13 | P12: =IF(O12=0,1,MIN(1,N12/O12)) | Q12: =L12*P12 | R12: =R11+Q12 | S12: =1+IF(R12>=参数!$B$14,1,0)+IF(R12>=参数!$B$15,1,0)+IF(R12>=参数!$B$16,1,0) | T12: =N12-O12*P12 | U12: =J12*D12 | V12: =V11+U12 | W12: =INT(V12/参数!$B$18) | X12: =J12*C12 | Y12: =参数!$B$20+参数!$B$21*(A12-1) | Z12: =MIN(1,X12/Y12) | AA12: =参数!$B$22+(1-参数!$B$22)*Z12 | AB12: =参数!$B$9*(1+参数!$B$19*W11)*AA11 | AC12: =AF11+AB12 | AD12: =MIN(AC12,参数!$B$7) | AE12: =AD12/参数!$B$6 | AF12: =AC12-AD12 | AG12: =X12*G12
A13: 10 | B13: 0.15 | C13: 0.65 | D13: =1-B13-C13 | E13: =参数!$B$2+参数!$B$3*(A13-1) | F13: =F12+AE12 | G13: =1+参数!$B$17*(S12-1) | H13: =F13*G13 | I13: =E13/参数!$B$4 | J13: =MIN(H13,I13) | K13: =IF(I13<H13,"⚡受限","") | L13: =J13*B13 | M13: =参数!$B$10*参数!$B$11*(1+参数!$B$19*W12)*AA12 | N13: =T12+M13 | O13: =L13*参数!$B$13 | P13: =IF(O13=0,1,MIN(1,N13/O13)) | Q13: =L13*P13 | R13: =R12+Q13 | S13: =1+IF(R13>=参数!$B$14,1,0)+IF(R13>=参数!$B$15,1,0)+IF(R13>=参数!$B$16,1,0) | T13: =N13-O13*P13 | U13: =J13*D13 | V13: =V12+U13 | W13: =INT(V13/参数!$B$18) | X13: =J13*C13 | Y13: =参数!$B$20+参数!$B$21*(A13-1) | Z13: =MIN(1,X13/Y13) | AA13: =参数!$B$22+(1-参数!$B$22)*Z13 | AB13: =参数!$B$9*(1+参数!$B$19*W12)*AA12 | AC13: =AF12+AB13 | AD13: =MIN(AC13,参数!$B$7) | AE13: =AD13/参数!$B$6 | AF13: =AC13-AD13 | AG13: =X13*G13
A14: 11 | B14: 0.15 | C14: 0.65 | D14: =1-B14-C14 | E14: =参数!$B$2+参数!$B$3*(A14-1) | F14: =F13+AE13 | G14: =1+参数!$B$17*(S13-1) | H14: =F14*G14 | I14: =E14/参数!$B$4 | J14: =MIN(H14,I14) | K14: =IF(I14<H14,"⚡受限","") | L14: =J14*B14 | M14: =参数!$B$10*参数!$B$11*(1+参数!$B$19*W13)*AA13 | N14: =T13+M14 | O14: =L14*参数!$B$13 | P14: =IF(O14=0,1,MIN(1,N14/O14)) | Q14: =L14*P14 | R14: =R13+Q14 | S14: =1+IF(R14>=参数!$B$14,1,0)+IF(R14>=参数!$B$15,1,0)+IF(R14>=参数!$B$16,1,0) | T14: =N14-O14*P14 | U14: =J14*D14 | V14: =V13+U14 | W14: =INT(V14/参数!$B$18) | X14: =J14*C14 | Y14: =参数!$B$20+参数!$B$21*(A14-1) | Z14: =MIN(1,X14/Y14) | AA14: =参数!$B$22+(1-参数!$B$22)*Z14 | AB14: =参数!$B$9*(1+参数!$B$19*W13)*AA13 | AC14: =AF13+AB14 | AD14: =MIN(AC14,参数!$B$7) | AE14: =AD14/参数!$B$6 | AF14: =AC14-AD14 | AG14: =X14*G14
A15: 12 | B15: 0.15 | C15: 0.65 | D15: =1-B15-C15 | E15: =参数!$B$2+参数!$B$3*(A15-1) | F15: =F14+AE14 | G15: =1+参数!$B$17*(S14-1) | H15: =F15*G15 | I15: =E15/参数!$B$4 | J15: =MIN(H15,I15) | K15: =IF(I15<H15,"⚡受限","") | L15: =J15*B15 | M15: =参数!$B$10*参数!$B$11*(1+参数!$B$19*W14)*AA14 | N15: =T14+M15 | O15: =L15*参数!$B$13 | P15: =IF(O15=0,1,MIN(1,N15/O15)) | Q15: =L15*P15 | R15: =R14+Q15 | S15: =1+IF(R15>=参数!$B$14,1,0)+IF(R15>=参数!$B$15,1,0)+IF(R15>=参数!$B$16,1,0) | T15: =N15-O15*P15 | U15: =J15*D15 | V15: =V14+U15 | W15: =INT(V15/参数!$B$18) | X15: =J15*C15 | Y15: =参数!$B$20+参数!$B$21*(A15-1) | Z15: =MIN(1,X15/Y15) | AA15: =参数!$B$22+(1-参数!$B$22)*Z15 | AB15: =参数!$B$9*(1+参数!$B$19*W14)*AA14 | AC15: =AF14+AB15 | AD15: =MIN(AC15,参数!$B$7) | AE15: =AD15/参数!$B$6 | AF15: =AC15-AD15 | AG15: =X15*G15
A16: 13 | B16: 0.15 | C16: 0.65 | D16: =1-B16-C16 | E16: =参数!$B$2+参数!$B$3*(A16-1) | F16: =F15+AE15 | G16: =1+参数!$B$17*(S15-1) | H16: =F16*G16 | I16: =E16/参数!$B$4 | J16: =MIN(H16,I16) | K16: =IF(I16<H16,"⚡受限","") | L16: =J16*B16 | M16: =参数!$B$10*参数!$B$11*(1+参数!$B$19*W15)*AA15 | N16: =T15+M16 | O16: =L16*参数!$B$13 | P16: =IF(O16=0,1,MIN(1,N16/O16)) | Q16: =L16*P16 | R16: =R15+Q16 | S16: =1+IF(R16>=参数!$B$14,1,0)+IF(R16>=参数!$B$15,1,0)+IF(R16>=参数!$B$16,1,0) | T16: =N16-O16*P16 | U16: =J16*D16 | V16: =V15+U16 | W16: =INT(V16/参数!$B$18) | X16: =J16*C16 | Y16: =参数!$B$20+参数!$B$21*(A16-1) | Z16: =MIN(1,X16/Y16) | AA16: =参数!$B$22+(1-参数!$B$22)*Z16 | AB16: =参数!$B$9*(1+参数!$B$19*W15)*AA15 | AC16: =AF15+AB16 | AD16: =MIN(AC16,参数!$B$7) | AE16: =AD16/参数!$B$6 | AF16: =AC16-AD16 | AG16: =X16*G16
... A23: 20 | B23: 0.15 | C23: 0.65 | D23: =1-B23-C23 | E23: =参数!$B$2+参数!$B$3*(A23-1) | F23: =F22+AE22 | G23: =1+参数!$B$17*(S22-1) | H23: =F23*G23 | I23: =E23/参数!$B$4 | J23: =MIN(H23,I23) | K23: =IF(I23<H23,"⚡受限","") | L23: =J23*B23 | M23: =参数!$B$10*参数!$B$11*(1+参数!$B$19*W22)*AA22 | N23: =T22+M23 | O23: =L23*参数!$B$13 | P23: =IF(O23=0,1,MIN(1,N23/O23)) | Q23: =L23*P23 | R23: =R22+Q23 | S23: =1+IF(R23>=参数!$B$14,1,0)+IF(R23>=参数!$B$15,1,0)+IF(R23>=参数!$B$16,1,0) | T23: =N23-O23*P23 | U23: =J23*D23 | V23: =V22+U23 | W23: =INT(V23/参数!$B$18) | X23: =J23*C23 | Y23: =参数!$B$20+参数!$B$21*(A23-1) | Z23: =MIN(1,X23/Y23) | AA23: =参数!$B$22+(1-参数!$B$22)*Z23 | AB23: =参数!$B$9*(1+参数!$B$19*W22)*AA22 | AC23: =AF22+AB23 | AD23: =MIN(AC23,参数!$B$7) | AE23: =AD23/参数!$B$6 | AF23: =AC23-AD23 | AG23: =X23*G23

Sheet 情景D科研
A1: 情景D科研 —— 科研经济流：研发滚雪球（训练 20% / 推理 30% / 研发 50%）
A2: 蓝色列逐回合可调；其余全部为公式
A3: 回合 | B3: 训练% | C3: 推理% | D3: 研发% (自动) | E3: 电力 供给 | F3: 数据中心 容量 | G3: 代际 系数 | H3: 理论 算力 | I3: 电力上限 算力 | J3: 实际 算力 | K3: 电力 受限 | L3: 训练 算力 | M3: 数据 产出 | N3: 可用 数据 | O3: 训练需 数据 | P3: 数据 满足率 | Q3: 有效 训练 | R3: 累积 训练 | S3: 代际 | T3: 数据池 余量 | U3: 研发 算力 | V3: 科技点 | W3: 科技 等级 | X3: 推理 算力 | Y3: 推理 需求 | Z3: 推理 供给率 | AA3: 经济 系数 | AB3: 芯片 产出 | AC3: 芯片 可用 | AD3: 芯片 投资 | AE3: 新增容量 (次回合) | AF3: 芯片 库存 | AG3: 军力 指数
A4: 1 | B4: 0.2 | C4: 0.3 | D4: =1-B4-C4 | E4: =参数!$B$2+参数!$B$3*(A4-1) | F4: =参数!$B$5 | G4: =1 | H4: =F4*G4 | I4: =E4/参数!$B$4 | J4: =MIN(H4,I4) | K4: =IF(I4<H4,"⚡受限","") | L4: =J4*B4 | M4: =参数!$B$10*参数!$B$11 | N4: =参数!$B$12+M4 | O4: =L4*参数!$B$13 | P4: =IF(O4=0,1,MIN(1,N4/O4)) | Q4: =L4*P4 | R4: =Q4 | S4: =1+IF(R4>=参数!$B$14,1,0)+IF(R4>=参数!$B$15,1,0)+IF(R4>=参数!$B$16,1,0) | T4: =N4-O4*P4 | U4: =J4*D4 | V4: =U4 | W4: =INT(V4/参数!$B$18) | X4: =J4*C4 | Y4: =参数!$B$20+参数!$B$21*(A4-1) | Z4: =MIN(1,X4/Y4) | AA4: =参数!$B$22+(1-参数!$B$22)*Z4 | AB4: =参数!$B$9 | AC4: =参数!$B$8+AB4 | AD4: =MIN(AC4,参数!$B$7) | AE4: =AD4/参数!$B$6 | AF4: =AC4-AD4 | AG4: =X4*G4
A5: 2 | B5: 0.2 | C5: 0.3 | D5: =1-B5-C5 | E5: =参数!$B$2+参数!$B$3*(A5-1) | F5: =F4+AE4 | G5: =1+参数!$B$17*(S4-1) | H5: =F5*G5 | I5: =E5/参数!$B$4 | J5: =MIN(H5,I5) | K5: =IF(I5<H5,"⚡受限","") | L5: =J5*B5 | M5: =参数!$B$10*参数!$B$11*(1+参数!$B$19*W4)*AA4 | N5: =T4+M5 | O5: =L5*参数!$B$13 | P5: =IF(O5=0,1,MIN(1,N5/O5)) | Q5: =L5*P5 | R5: =R4+Q5 | S5: =1+IF(R5>=参数!$B$14,1,0)+IF(R5>=参数!$B$15,1,0)+IF(R5>=参数!$B$16,1,0) | T5: =N5-O5*P5 | U5: =J5*D5 | V5: =V4+U5 | W5: =INT(V5/参数!$B$18) | X5: =J5*C5 | Y5: =参数!$B$20+参数!$B$21*(A5-1) | Z5: =MIN(1,X5/Y5) | AA5: =参数!$B$22+(1-参数!$B$22)*Z5 | AB5: =参数!$B$9*(1+参数!$B$19*W4)*AA4 | AC5: =AF4+AB5 | AD5: =MIN(AC5,参数!$B$7) | AE5: =AD5/参数!$B$6 | AF5: =AC5-AD5 | AG5: =X5*G5
A6: 3 | B6: 0.2 | C6: 0.3 | D6: =1-B6-C6 | E6: =参数!$B$2+参数!$B$3*(A6-1) | F6: =F5+AE5 | G6: =1+参数!$B$17*(S5-1) | H6: =F6*G6 | I6: =E6/参数!$B$4 | J6: =MIN(H6,I6) | K6: =IF(I6<H6,"⚡受限","") | L6: =J6*B6 | M6: =参数!$B$10*参数!$B$11*(1+参数!$B$19*W5)*AA5 | N6: =T5+M6 | O6: =L6*参数!$B$13 | P6: =IF(O6=0,1,MIN(1,N6/O6)) | Q6: =L6*P6 | R6: =R5+Q6 | S6: =1+IF(R6>=参数!$B$14,1,0)+IF(R6>=参数!$B$15,1,0)+IF(R6>=参数!$B$16,1,0) | T6: =N6-O6*P6 | U6: =J6*D6 | V6: =V5+U6 | W6: =INT(V6/参数!$B$18) | X6: =J6*C6 | Y6: =参数!$B$20+参数!$B$21*(A6-1) | Z6: =MIN(1,X6/Y6) | AA6: =参数!$B$22+(1-参数!$B$22)*Z6 | AB6: =参数!$B$9*(1+参数!$B$19*W5)*AA5 | AC6: =AF5+AB6 | AD6: =MIN(AC6,参数!$B$7) | AE6: =AD6/参数!$B$6 | AF6: =AC6-AD6 | AG6: =X6*G6
A7: 4 | B7: 0.2 | C7: 0.3 | D7: =1-B7-C7 | E7: =参数!$B$2+参数!$B$3*(A7-1) | F7: =F6+AE6 | G7: =1+参数!$B$17*(S6-1) | H7: =F7*G7 | I7: =E7/参数!$B$4 | J7: =MIN(H7,I7) | K7: =IF(I7<H7,"⚡受限","") | L7: =J7*B7 | M7: =参数!$B$10*参数!$B$11*(1+参数!$B$19*W6)*AA6 | N7: =T6+M7 | O7: =L7*参数!$B$13 | P7: =IF(O7=0,1,MIN(1,N7/O7)) | Q7: =L7*P7 | R7: =R6+Q7 | S7: =1+IF(R7>=参数!$B$14,1,0)+IF(R7>=参数!$B$15,1,0)+IF(R7>=参数!$B$16,1,0) | T7: =N7-O7*P7 | U7: =J7*D7 | V7: =V6+U7 | W7: =INT(V7/参数!$B$18) | X7: =J7*C7 | Y7: =参数!$B$20+参数!$B$21*(A7-1) | Z7: =MIN(1,X7/Y7) | AA7: =参数!$B$22+(1-参数!$B$22)*Z7 | AB7: =参数!$B$9*(1+参数!$B$19*W6)*AA6 | AC7: =AF6+AB7 | AD7: =MIN(AC7,参数!$B$7) | AE7: =AD7/参数!$B$6 | AF7: =AC7-AD7 | AG7: =X7*G7
A8: 5 | B8: 0.2 | C8: 0.3 | D8: =1-B8-C8 | E8: =参数!$B$2+参数!$B$3*(A8-1) | F8: =F7+AE7 | G8: =1+参数!$B$17*(S7-1) | H8: =F8*G8 | I8: =E8/参数!$B$4 | J8: =MIN(H8,I8) | K8: =IF(I8<H8,"⚡受限","") | L8: =J8*B8 | M8: =参数!$B$10*参数!$B$11*(1+参数!$B$19*W7)*AA7 | N8: =T7+M8 | O8: =L8*参数!$B$13 | P8: =IF(O8=0,1,MIN(1,N8/O8)) | Q8: =L8*P8 | R8: =R7+Q8 | S8: =1+IF(R8>=参数!$B$14,1,0)+IF(R8>=参数!$B$15,1,0)+IF(R8>=参数!$B$16,1,0) | T8: =N8-O8*P8 | U8: =J8*D8 | V8: =V7+U8 | W8: =INT(V8/参数!$B$18) | X8: =J8*C8 | Y8: =参数!$B$20+参数!$B$21*(A8-1) | Z8: =MIN(1,X8/Y8) | AA8: =参数!$B$22+(1-参数!$B$22)*Z8 | AB8: =参数!$B$9*(1+参数!$B$19*W7)*AA7 | AC8: =AF7+AB8 | AD8: =MIN(AC8,参数!$B$7) | AE8: =AD8/参数!$B$6 | AF8: =AC8-AD8 | AG8: =X8*G8
A9: 6 | B9: 0.2 | C9: 0.3 | D9: =1-B9-C9 | E9: =参数!$B$2+参数!$B$3*(A9-1) | F9: =F8+AE8 | G9: =1+参数!$B$17*(S8-1) | H9: =F9*G9 | I9: =E9/参数!$B$4 | J9: =MIN(H9,I9) | K9: =IF(I9<H9,"⚡受限","") | L9: =J9*B9 | M9: =参数!$B$10*参数!$B$11*(1+参数!$B$19*W8)*AA8 | N9: =T8+M9 | O9: =L9*参数!$B$13 | P9: =IF(O9=0,1,MIN(1,N9/O9)) | Q9: =L9*P9 | R9: =R8+Q9 | S9: =1+IF(R9>=参数!$B$14,1,0)+IF(R9>=参数!$B$15,1,0)+IF(R9>=参数!$B$16,1,0) | T9: =N9-O9*P9 | U9: =J9*D9 | V9: =V8+U9 | W9: =INT(V9/参数!$B$18) | X9: =J9*C9 | Y9: =参数!$B$20+参数!$B$21*(A9-1) | Z9: =MIN(1,X9/Y9) | AA9: =参数!$B$22+(1-参数!$B$22)*Z9 | AB9: =参数!$B$9*(1+参数!$B$19*W8)*AA8 | AC9: =AF8+AB9 | AD9: =MIN(AC9,参数!$B$7) | AE9: =AD9/参数!$B$6 | AF9: =AC9-AD9 | AG9: =X9*G9
A10: 7 | B10: 0.2 | C10: 0.3 | D10: =1-B10-C10 | E10: =参数!$B$2+参数!$B$3*(A10-1) | F10: =F9+AE9 | G10: =1+参数!$B$17*(S9-1) | H10: =F10*G10 | I10: =E10/参数!$B$4 | J10: =MIN(H10,I10) | K10: =IF(I10<H10,"⚡受限","") | L10: =J10*B10 | M10: =参数!$B$10*参数!$B$11*(1+参数!$B$19*W9)*AA9 | N10: =T9+M10 | O10: =L10*参数!$B$13 | P10: =IF(O10=0,1,MIN(1,N10/O10)) | Q10: =L10*P10 | R10: =R9+Q10 | S10: =1+IF(R10>=参数!$B$14,1,0)+IF(R10>=参数!$B$15,1,0)+IF(R10>=参数!$B$16,1,0) | T10: =N10-O10*P10 | U10: =J10*D10 | V10: =V9+U10 | W10: =INT(V10/参数!$B$18) | X10: =J10*C10 | Y10: =参数!$B$20+参数!$B$21*(A10-1) | Z10: =MIN(1,X10/Y10) | AA10: =参数!$B$22+(1-参数!$B$22)*Z10 | AB10: =参数!$B$9*(1+参数!$B$19*W9)*AA9 | AC10: =AF9+AB10 | AD10: =MIN(AC10,参数!$B$7) | AE10: =AD10/参数!$B$6 | AF10: =AC10-AD10 | AG10: =X10*G10
A11: 8 | B11: 0.2 | C11: 0.3 | D11: =1-B11-C11 | E11: =参数!$B$2+参数!$B$3*(A11-1) | F11: =F10+AE10 | G11: =1+参数!$B$17*(S10-1) | H11: =F11*G11 | I11: =E11/参数!$B$4 | J11: =MIN(H11,I11) | K11: =IF(I11<H11,"⚡受限","") | L11: =J11*B11 | M11: =参数!$B$10*参数!$B$11*(1+参数!$B$19*W10)*AA10 | N11: =T10+M11 | O11: =L11*参数!$B$13 | P11: =IF(O11=0,1,MIN(1,N11/O11)) | Q11: =L11*P11 | R11: =R10+Q11 | S11: =1+IF(R11>=参数!$B$14,1,0)+IF(R11>=参数!$B$15,1,0)+IF(R11>=参数!$B$16,1,0) | T11: =N11-O11*P11 | U11: =J11*D11 | V11: =V10+U11 | W11: =INT(V11/参数!$B$18) | X11: =J11*C11 | Y11: =参数!$B$20+参数!$B$21*(A11-1) | Z11: =MIN(1,X11/Y11) | AA11: =参数!$B$22+(1-参数!$B$22)*Z11 | AB11: =参数!$B$9*(1+参数!$B$19*W10)*AA10 | AC11: =AF10+AB11 | AD11: =MIN(AC11,参数!$B$7) | AE11: =AD11/参数!$B$6 | AF11: =AC11-AD11 | AG11: =X11*G11
A12: 9 | B12: 0.2 | C12: 0.3 | D12: =1-B12-C12 | E12: =参数!$B$2+参数!$B$3*(A12-1) | F12: =F11+AE11 | G12: =1+参数!$B$17*(S11-1) | H12: =F12*G12 | I12: =E12/参数!$B$4 | J12: =MIN(H12,I12) | K12: =IF(I12<H12,"⚡受限","") | L12: =J12*B12 | M12: =参数!$B$10*参数!$B$11*(1+参数!$B$19*W11)*AA11 | N12: =T11+M12 | O12: =L12*参数!$B$13 | P12: =IF(O12=0,1,MIN(1,N12/O12)) | Q12: =L12*P12 | R12: =R11+Q12 | S12: =1+IF(R12>=参数!$B$14,1,0)+IF(R12>=参数!$B$15,1,0)+IF(R12>=参数!$B$16,1,0) | T12: =N12-O12*P12 | U12: =J12*D12 | V12: =V11+U12 | W12: =INT(V12/参数!$B$18) | X12: =J12*C12 | Y12: =参数!$B$20+参数!$B$21*(A12-1) | Z12: =MIN(1,X12/Y12) | AA12: =参数!$B$22+(1-参数!$B$22)*Z12 | AB12: =参数!$B$9*(1+参数!$B$19*W11)*AA11 | AC12: =AF11+AB12 | AD12: =MIN(AC12,参数!$B$7) | AE12: =AD12/参数!$B$6 | AF12: =AC12-AD12 | AG12: =X12*G12
A13: 10 | B13: 0.2 | C13: 0.3 | D13: =1-B13-C13 | E13: =参数!$B$2+参数!$B$3*(A13-1) | F13: =F12+AE12 | G13: =1+参数!$B$17*(S12-1) | H13: =F13*G13 | I13: =E13/参数!$B$4 | J13: =MIN(H13,I13) | K13: =IF(I13<H13,"⚡受限","") | L13: =J13*B13 | M13: =参数!$B$10*参数!$B$11*(1+参数!$B$19*W12)*AA12 | N13: =T12+M13 | O13: =L13*参数!$B$13 | P13: =IF(O13=0,1,MIN(1,N13/O13)) | Q13: =L13*P13 | R13: =R12+Q13 | S13: =1+IF(R13>=参数!$B$14,1,0)+IF(R13>=参数!$B$15,1,0)+IF(R13>=参数!$B$16,1,0) | T13: =N13-O13*P13 | U13: =J13*D13 | V13: =V12+U13 | W13: =INT(V13/参数!$B$18) | X13: =J13*C13 | Y13: =参数!$B$20+参数!$B$21*(A13-1) | Z13: =MIN(1,X13/Y13) | AA13: =参数!$B$22+(1-参数!$B$22)*Z13 | AB13: =参数!$B$9*(1+参数!$B$19*W12)*AA12 | AC13: =AF12+AB13 | AD13: =MIN(AC13,参数!$B$7) | AE13: =AD13/参数!$B$6 | AF13: =AC13-AD13 | AG13: =X13*G13
A14: 11 | B14: 0.2 | C14: 0.3 | D14: =1-B14-C14 | E14: =参数!$B$2+参数!$B$3*(A14-1) | F14: =F13+AE13 | G14: =1+参数!$B$17*(S13-1) | H14: =F14*G14 | I14: =E14/参数!$B$4 | J14: =MIN(H14,I14) | K14: =IF(I14<H14,"⚡受限","") | L14: =J14*B14 | M14: =参数!$B$10*参数!$B$11*(1+参数!$B$19*W13)*AA13 | N14: =T13+M14 | O14: =L14*参数!$B$13 | P14: =IF(O14=0,1,MIN(1,N14/O14)) | Q14: =L14*P14 | R14: =R13+Q14 | S14: =1+IF(R14>=参数!$B$14,1,0)+IF(R14>=参数!$B$15,1,0)+IF(R14>=参数!$B$16,1,0) | T14: =N14-O14*P14 | U14: =J14*D14 | V14: =V13+U14 | W14: =INT(V14/参数!$B$18) | X14: =J14*C14 | Y14: =参数!$B$20+参数!$B$21*(A14-1) | Z14: =MIN(1,X14/Y14) | AA14: =参数!$B$22+(1-参数!$B$22)*Z14 | AB14: =参数!$B$9*(1+参数!$B$19*W13)*AA13 | AC14: =AF13+AB14 | AD14: =MIN(AC14,参数!$B$7) | AE14: =AD14/参数!$B$6 | AF14: =AC14-AD14 | AG14: =X14*G14
A15: 12 | B15: 0.2 | C15: 0.3 | D15: =1-B15-C15 | E15: =参数!$B$2+参数!$B$3*(A15-1) | F15: =F14+AE14 | G15: =1+参数!$B$17*(S14-1) | H15: =F15*G15 | I15: =E15/参数!$B$4 | J15: =MIN(H15,I15) | K15: =IF(I15<H15,"⚡受限","") | L15: =J15*B15 | M15: =参数!$B$10*参数!$B$11*(1+参数!$B$19*W14)*AA14 | N15: =T14+M15 | O15: =L15*参数!$B$13 | P15: =IF(O15=0,1,MIN(1,N15/O15)) | Q15: =L15*P15 | R15: =R14+Q15 | S15: =1+IF(R15>=参数!$B$14,1,0)+IF(R15>=参数!$B$15,1,0)+IF(R15>=参数!$B$16,1,0) | T15: =N15-O15*P15 | U15: =J15*D15 | V15: =V14+U15 | W15: =INT(V15/参数!$B$18) | X15: =J15*C15 | Y15: =参数!$B$20+参数!$B$21*(A15-1) | Z15: =MIN(1,X15/Y15) | AA15: =参数!$B$22+(1-参数!$B$22)*Z15 | AB15: =参数!$B$9*(1+参数!$B$19*W14)*AA14 | AC15: =AF14+AB15 | AD15: =MIN(AC15,参数!$B$7) | AE15: =AD15/参数!$B$6 | AF15: =AC15-AD15 | AG15: =X15*G15
A16: 13 | B16: 0.2 | C16: 0.3 | D16: =1-B16-C16 | E16: =参数!$B$2+参数!$B$3*(A16-1) | F16: =F15+AE15 | G16: =1+参数!$B$17*(S15-1) | H16: =F16*G16 | I16: =E16/参数!$B$4 | J16: =MIN(H16,I16) | K16: =IF(I16<H16,"⚡受限","") | L16: =J16*B16 | M16: =参数!$B$10*参数!$B$11*(1+参数!$B$19*W15)*AA15 | N16: =T15+M16 | O16: =L16*参数!$B$13 | P16: =IF(O16=0,1,MIN(1,N16/O16)) | Q16: =L16*P16 | R16: =R15+Q16 | S16: =1+IF(R16>=参数!$B$14,1,0)+IF(R16>=参数!$B$15,1,0)+IF(R16>=参数!$B$16,1,0) | T16: =N16-O16*P16 | U16: =J16*D16 | V16: =V15+U16 | W16: =INT(V16/参数!$B$18) | X16: =J16*C16 | Y16: =参数!$B$20+参数!$B$21*(A16-1) | Z16: =MIN(1,X16/Y16) | AA16: =参数!$B$22+(1-参数!$B$22)*Z16 | AB16: =参数!$B$9*(1+参数!$B$19*W15)*AA15 | AC16: =AF15+AB16 | AD16: =MIN(AC16,参数!$B$7) | AE16: =AD16/参数!$B$6 | AF16: =AC16-AD16 | AG16: =X16*G16
... A23: 20 | B23: 0.2 | C23: 0.3 | D23: =1-B23-C23 | E23: =参数!$B$2+参数!$B$3*(A23-1) | F23: =F22+AE22 | G23: =1+参数!$B$17*(S22-1) | H23: =F23*G23 | I23: =E23/参数!$B$4 | J23: =MIN(H23,I23) | K23: =IF(I23<H23,"⚡受限","") | L23: =J23*B23 | M23: =参数!$B$10*参数!$B$11*(1+参数!$B$19*W22)*AA22 | N23: =T22+M23 | O23: =L23*参数!$B$13 | P23: =IF(O23=0,1,MIN(1,N23/O23)) | Q23: =L23*P23 | R23: =R22+Q23 | S23: =1+IF(R23>=参数!$B$14,1,0)+IF(R23>=参数!$B$15,1,0)+IF(R23>=参数!$B$16,1,0) | T23: =N23-O23*P23 | U23: =J23*D23 | V23: =V22+U23 | W23: =INT(V23/参数!$B$18) | X23: =J23*C23 | Y23: =参数!$B$20+参数!$B$21*(A23-1) | Z23: =MIN(1,X23/Y23) | AA23: =参数!$B$22+(1-参数!$B$22)*Z23 | AB23: =参数!$B$9*(1+参数!$B$19*W22)*AA22 | AC23: =AF22+AB23 | AD23: =MIN(AC23,参数!$B$7) | AE23: =AD23/参数!$B$6 | AF23: =AC23-AD23 | AG23: =X23*G23

Sheet 对比
A1: 四种分配策略 · 20 回合对比
A3: 情景 | B3: 训练% | C3: 推理% | D3: 研发% | E3: 期末 代际 | F3: Gen2 达成回合 | G3: Gen3 达成回合 | H3: 期末 实际算力 | I3: 期末 军力指数 | J3: 期末 科技等级 | K3: 期末 经济系数 | L3: 数据满足率 (末5回合)
A4: A均衡 | B4: ='情景A均衡'!B4 | C4: ='情景A均衡'!C4 | D4: ='情景A均衡'!D4 | E4: ='情景A均衡'!S23 | F4: =IFERROR(MATCH(2,'情景A均衡'!S4:S23,0),"—") | G4: =IFERROR(MATCH(3,'情景A均衡'!S4:S23,0),"—") | H4: ='情景A均衡'!J23 | I4: ='情景A均衡'!AG23 | J4: ='情景A均衡'!W23 | K4: ='情景A均衡'!AA23 | L4: =AVERAGE('情景A均衡'!P19:P23)
A5: B奇点 | B5: ='情景B奇点'!B4 | C5: ='情景B奇点'!C4 | D5: ='情景B奇点'!D4 | E5: ='情景B奇点'!S23 | F5: =IFERROR(MATCH(2,'情景B奇点'!S4:S23,0),"—") | G5: =IFERROR(MATCH(3,'情景B奇点'!S4:S23,0),"—") | H5: ='情景B奇点'!J23 | I5: ='情景B奇点'!AG23 | J5: ='情景B奇点'!W23 | K5: ='情景B奇点'!AA23 | L5: =AVERAGE('情景B奇点'!P19:P23)
A6: C军备 | B6: ='情景C军备'!B4 | C6: ='情景C军备'!C4 | D6: ='情景C军备'!D4 | E6: ='情景C军备'!S23 | F6: =IFERROR(MATCH(2,'情景C军备'!S4:S23,0),"—") | G6: =IFERROR(MATCH(3,'情景C军备'!S4:S23,0),"—") | H6: ='情景C军备'!J23 | I6: ='情景C军备'!AG23 | J6: ='情景C军备'!W23 | K6: ='情景C军备'!AA23 | L6: =AVERAGE('情景C军备'!P19:P23)
A7: D科研 | B7: ='情景D科研'!B4 | C7: ='情景D科研'!C4 | D7: ='情景D科研'!D4 | E7: ='情景D科研'!S23 | F7: =IFERROR(MATCH(2,'情景D科研'!S4:S23,0),"—") | G7: =IFERROR(MATCH(3,'情景D科研'!S4:S23,0),"—") | H7: ='情景D科研'!J23 | I7: ='情景D科研'!AG23 | J7: ='情景D科研'!W23 | K7: ='情景D科研'!AA23 | L7: =AVERAGE('情景D科研'!P19:P23)
